郵遞區號,CountryName,CountryAreaName,CT,WarinCountryArea,二級警戒_1,二級警戒_3,二級警戒_6,二級警戒_12,二級警戒_24,一級警戒_1,一級警戒_3,一級警戒_6,一級警戒_12,一級警戒_24
100,台北市,中正區,台北市中正區,"中正區-南陽街及新光商圈 ,許昌街 ,開封街一段 ,漢口街 ,懷寧街 ,信陽街 ,衡陽路 ,公園路 ,武昌街 ,重慶南路一段 ,忠孝西路館前路 ,詔安街巷 ,羅斯福路3段",60,120,150,220,320,70,130,180,250,350
103,台北市,大同區,台北市大同區,"大同區-承德路二段,民權西路（成淵高中附近）,重慶北路一段與長安西路口、太原路及南京西路口,延平北路及南京西路口路口",60,110,160,270,320,70,120,180,300,350
104,台北市,中山區,台北市中山區,"中山區-濱江街（機場旁道路）,新生北路沿線",60,100,150,240,300,70,110,180,280,350
105,台北市,松山區,台北市松山區,"松山區-濱江街(機場旁道路）,敦化北路,長春路,五常街,和平東路三段,富陽街",60,110,170,270,330,70,130,200,300,350
106,台北市,大安區,台北市大安區,"大安區-基隆路三段,長興街,敦化南路一段、大安路一段、忠孝東路四段、、",60,100,140,250,320,70,120,170,280,350
108,台北市,萬華區,台北市萬華區,"萬華區-西園路二段52巷 ,和平西路三段286巷 ,雅江街(長沙街至內江街)",60,120,150,300,360,70,140,180,340,400
110,台北市,信義區,台北市信義區,"信義區-信義路五段,吳興街,忠孝東路四,永吉路,松隆路",60,110,200,300,360,70,130,230,330,400
111,台北市,士林區,台北市士林區,士林區-社子島地區,50,110,160,230,270,60,120,180,260,300
112,台北市,北投區,台北市北投區,"北投區-洲美地區(洲美里,吉慶里,立賢里,立農里),關渡地區(八仙里,關渡里),中央南路二段,大業路及承德路七段低窪地區",60,110,160,250,300,70,120,180,280,350
114,台北市,內湖區,台北市內湖區,內湖區-大湖山莊街、康寧路三段（南湖國小）、東湖路、安康路、內湖路一段、康樂街,60,110,170,270,330,70,130,200,300,350
115,台北市,南港區,台北市南港區,"南港區-研究院路一段,忠孝東路七段,東新街,忠孝東路七段南港車站附近,南港路一段",60,130,180,270,320,70,150,210,300,350
116,台北市,文山區,台北市文山區,"文山區-木新路,保儀路一帶(樟腳里,順興里),興德路,福興路一帶(興旺里,興光里)",50,100,150,210,320,60,120,170,240,350
200,基隆市,仁愛區,基隆市仁愛區,"仁愛區-新店里(忠一路忠二路孝二路),明德里(愛一路愛二路),玉田里(仁一路仁二路),忠勇里(仁一路)",40,90,130,180,250,50,100,150,220,300
201,基隆市,信義區,基隆市信義區,"信義區-信一、二路,東信路,仁一路,月眉路,東明路,崇法街,深澳坑路",40,90,130,180,250,50,100,150,220,300
202,基隆市,中正區,基隆市中正區,"中正區-港通里,信義里,義一路與信五路口",40,90,130,180,250,50,100,150,220,300
203,基隆市,中山區,基隆市中山區,中山區-安平里（中山一路60號附近）,40,90,130,180,250,50,100,150,220,300
204,基隆市,安樂區,基隆市安樂區,"安樂區-樂一路,麥金路,安一路,新西街,定國街,基金一、三路,安和一街,樂利三街",40,90,130,180,250,50,100,150,220,300
205,基隆市,暖暖區,基隆市暖暖區,暖暖區-碇和里(源遠路226附近),40,90,130,180,250,50,100,150,220,300
206,基隆市,七堵區,基隆市七堵區,"七堵區-華新一、二路,大華二、三路,自強路,崇孝街,崇智街,崇信街,堵南街,溪頭街,大德路,明德一、二路,俊賢路",40,90,130,200,250,50,100,150,250,300
207,新北市,萬里區,新北市萬里區,萬里區-大鵬里,60,130,190,300,400,70,140,220,340,450
208,新北市,金山區,新北市金山區,"金山區-清泉區,磺港區",60,130,190,300,400,70,140,220,340,450
209,連江縣,南竿鄉,連江縣南竿鄉,"南竿鄉-介壽村,馬祖村",40,110,170,250,320,50,120,200,280,350
220,新北市,板橋區,新北市板橋區,"板橋區-漢生東西路與文化路,大觀路二段,環漢路,漢生東路與中山路,長安街331巷,縣民大道府中站附近,溪城路金門街口,篤行路2段131巷",40,90,130,170,210,50,110,150,200,250
221,新北市,汐止區,新北市汐止區,"汐止區-保長里,長安里,橫科里,福山里,區長里,江北里,長江街,五堵,汐萬路,大同路,樟樹一,二路一帶，長興街,長安街汐止火車站,茄苳街,環河路",40,100,130,180,250,50,120,150,210,300
222,新北市,深坑區,新北市深坑區,"深坑區-萬福里,萬順里,深坑里",50,130,200,300,400,60,150,230,350,450
223,新北市,石碇區,新北市石碇區,"石碇區-潭邊里,烏塗里,永定里,格頭里",70,130,200,300,400,80,150,230,350,450
224,新北市,瑞芳區,新北市瑞芳區,"瑞芳區-爪峰里,新峰里,東和里,柑坪里,基山街,明燈路一段,侯硐路,三爪子坑路一帶,四腳亭,第二瑞八公路一帶",50,120,150,250,350,60,130,180,280,400
226,新北市,平溪區,新北市平溪區,"平溪區-106線路段,石底里",70,130,200,300,400,80,150,230,350,450
227,新北市,雙溪區,新北市雙溪區,"雙溪區-新基里,雙溪里,三港里,牡丹里,三貂里,平林里,上林里,外柑里,長源里,泰平里,共和里,魚行里,新基西街,長安街與大同街口,東榮街,泰昌街,長安街",60,150,190,300,400,70,170,220,350,450
228,新北市,貢寮區,新北市貢寮區,"貢寮區-貢寮里,美丰里,龍門里龍門街",60,150,190,240,350,70,170,220,280,400
231,新北市,新店區,新北市新店區,"新店區-寶福里,寶安里,復興路80巷,中興路,安康路一段二段, 北新路三段221巷,柴埕路,安和路,德正街,安和路安康路下城社區,安中路,中央五街,民生路158巷",50,120,150,200,300,60,130,180,250,350
232,新北市,坪林區,新北市坪林區,"坪林區-金瓜寮路段,粗窟村",70,130,200,300,360,80,150,230,330,400
233,新北市,烏來區,新北市烏來區,烏來區-烏來里烏來街,60,130,210,280,400,70,140,270,310,450
234,新北市,永和區,新北市永和區,"永和區-得和里,保安里,保順里,復興商工一帶,中正路,秀朗路一,二段,國光路,永利路,民享街,民有街,民治街,福和路,大新街至自強街,保福路一段,林森路,保平路,安樂路,永寧街,民光街",50,110,140,190,250,60,120,170,230,300
235,新北市,中和區,新北市中和區,"中和區-景新街,板南路,景平路,景安路,復興路,中興街,中山路(二段),民享街,華新街,忠孝街,仁愛街,興南路三段,中正路。",40,100,130,190,250,50,110,150,230,300
236,新北市,土城區,新北市土城區,"土城區-永寧捷運站附近金城路二~三段,承天路,和平路,永和街",40,100,130,170,250,50,110,150,210,300
237,新北市,三峽區,新北市三峽區,"三峽區-添福里, 橫溪橋附近,湊合橋附近,大學路,礁溪里",60,130,170,210,300,70,140,200,250,350
238,新北市,樹林區,新北市樹林區,"樹林區-圳福里,圳民里,保安街三段一帶,樹林工業區(樹潭街,武林街),中正路,光武街 ,光華營區,三福街,三俊街,大安路,潭興街107巷,佳園路三段",50,100,130,170,250,60,110,150,210,300
239,新北市,鶯歌區,新北市鶯歌區,"鶯歌區-建國里(建國路),北鶯里(中正一路347號、文化路115巷15號),永昌里(鶯桃路永新巷22號),鳳鳴里(鶯桃路、福安街),大湖里(國際新城入口處),永吉里(德昌街、永吉國小)",60,120,150,210,300,70,130,180,250,350
241,新北市,三重區,新北市三重區,"三重區-正義北路,正義國小,自強路,中正北路,重陽路一,二段,重新路4,5段,大同北路,三和路,溪尾街,五華街,仁愛街,力行路二段,仁化街,光明路,重安街,三賢街",40,100,140,190,250,50,110,170,230,300
242,新北市,新莊區,新北市新莊區,"新莊區- 中原里,仁義里,化成里,和平里,昌平里,信義里,思源里,福基里,頭前里,中港路,新北大道,中原路,幸福路,復興路,化成路,思源路,中華路,中和路,新樹路,豐年街,中正路,新泰路。",40,90,130,170,210,50,110,150,200,250
243,新北市,泰山區,新北市泰山區,"泰山區-義仁里(泰林路一段至中山路口、民生路、中山路二段),同興里(明志路、公園路)楓樹里,貴和里,磚雅厝路,黎明路,泰林路二段,新泰路,新五路,民生路,工專路",50,100,140,190,250,60,120,160,230,300
244,新北市,林口區,新北市林口區,"林口區-下福里,瑞平里,嘉寶里,太平里,湖北里(湖子路),新市鎮重劃區(中華路與文化三路口),粉寮路,宏昌街,中華路,忠孝路,仁愛路  ,文化二路三路,民族路,佳林路",50,100,140,190,250,60,110,160,230,300
247,新北市,蘆洲區,新北市蘆洲區,"蘆洲區-光華里光華路,民和里永安北路,長榮街,忠孝路,民族路,水湳里仁愛街,三民路,民權路,德勝街,民義街,中山一路集賢路口,中正路(264巷)底",40,80,110,180,240,50,90,140,210,280
248,新北市,五股區,新北市五股區,"五股區-成州里,更寮里,興珍里,環河路,成泰路1，2段,中興路3，4段,四維路,新五路(2段)與成泰路,凌雲路一段,西雲路,新五路",40,80,110,170,220,50,90,140,200,250
249,新北市,八里區,新北市八里區,"八里區-舊城里(中山路二段),中華路二段,103線到八仙加油站旁,荖阡里(華峰一街、舊城街),頂罟里(仁愛路、中山路二段)",50,100,130,200,300,60,110,150,240,350
251,新北市,淡水區,新北市淡水區,"淡水區-民生里,民權路187巷,台北捷運竹圍到紅樹林站一帶,中正東路2段 ,北新路1段175號,新生街,沙崙路280巷,八勢一街71巷,新民街1段",50,100,130,200,300,60,110,150,240,350
252,新北市,三芝區,新北市三芝區,"三芝區-橫山里,圓山里,中正路",50,100,130,200,300,60,110,150,240,350
253,新北市,石門區,新北市石門區,"石門區-老梅里,石門里,富基里",70,140,190,280,350,80,160,220,330,400
260,宜蘭縣,宜蘭市,宜蘭縣宜蘭市,"宜蘭市-梅洲里,北津里,新生里,筊白里,七張里,慈安里,延平里,黎明里,津梅路,金六結地區,進士路一帶,文化里,民族里,建業里,和睦里,新興里",40,90,110,150,200,50,100,130,180,250
261,宜蘭縣,頭城鎮,宜蘭縣頭城鎮,"頭城鎮-中崙里,二城里,下埔里,大坑里,竹安里,中埔里,頂埔里",40,90,120,180,250,50,100,150,220,300
262,宜蘭縣,礁溪鄉,宜蘭縣礁溪鄉,"礁溪鄉-時潮村,二龍村,三民村,玉田村,玉光村,光武村,六結村,白鵝村,白雲村",40,100,140,180,250,50,110,160,220,300
263,宜蘭縣,壯圍鄉,宜蘭縣壯圍鄉,"壯圍鄉-新社村,古亭村,大福村",40,90,110,150,200,50,100,130,180,250
264,宜蘭縣,員山鄉,宜蘭縣員山鄉,"員山鄉-七賢村,湖西村九芎林地區,中華村,枕山村,湖東村 (五十溪),湖北村,永和村,同樂村,蓁巷村",60,110,140,210,320,70,120,160,250,350
265,宜蘭縣,羅東鎮,宜蘭縣羅東鎮,"羅東鎮-新群里,東安里,羅莊里,漢民里,賢文里,大新里,公正里,大同路地下道,羅東運動公園北成圳段,南昌地下道,宜3線福成社區路段",50,110,150,200,250,60,130,180,240,300
266,宜蘭縣,三星鄉,宜蘭縣三星鄉,"三星鄉-集慶村,尚武村,大洲村,大隱村(聖母醫專),人和村,拱照村,員山村",50,90,120,200,300,60,100,150,250,350
267,宜蘭縣,大同鄉,宜蘭縣大同鄉,"大同鄉-寒溪村,台7線路段,復興村",60,110,170,260,400,70,130,200,300,450
268,宜蘭縣,五結鄉,宜蘭縣五結鄉,"五結鄉-孝威村,錦眾村,協和村,大吉村,利澤村,五十二甲等地區,成興村,五結村,季新村,福興村",40,100,140,180,250,50,110,160,220,300
269,宜蘭縣,冬山鄉,宜蘭縣冬山鄉,"冬山鄉-大進村,太和村,中山村,安平村",40,100,140,210,260,50,110,160,240,300
270,宜蘭縣,蘇澳鎮,宜蘭縣蘇澳鎮,"蘇澳鎮-東澳里,永樂里,永春里,朝陽里",50,110,180,220,300,60,130,200,250,350
272,宜蘭縣,南澳鄉,宜蘭縣南澳鄉,"南澳鄉-金洋村,碧候村,金岳村,武塔村",50,110,180,220,300,60,130,200,250,350
299,新竹市,東區,新竹市東區,"東區-南市里,埔頂里,光鎮里,湖濱里,振興里,明湖里",40,110,150,190,250,50,120,170,230,300
300,新竹市,北區,新竹市北區,"北區-舊港里,曲溪里,港北里,中寮里,康樂里",40,110,150,190,250,50,120,170,230,300
301,新竹市,香山區,新竹市香山區,"香山區-東香里,中華路五段,虎山里,虎林里,埔前里,港南里,樹下里,南港里",40,110,150,190,250,50,120,170,230,300
302,新竹縣,竹北市,新竹縣竹北市,"竹北市-白地里,新港里,崇義里,尚義里,東海里東山溪,十興里,大義里,泰和里,麻園里",50,90,120,170,250,60,100,140,210,300
303,新竹縣,湖口鄉,新竹縣湖口鄉,"湖口鄉-勝利村,東興村,德盛村,鳳山村,和興村,長安村",50,100,130,170,250,60,110,150,210,300
304,新竹縣,新豐鄉,新竹縣新豐鄉,"新豐鄉-中崙村,瑞興村,鳳坑村,福興村,後湖村",50,100,130,170,250,60,110,130,210,300
305,新竹縣,新埔鎮,新竹縣新埔鎮,"新埔鎮-文山里,旱坑里,五埔里,清水里,鹿鳴里,新埔里",60,100,130,180,250,70,110,150,220,300
306,新竹縣,關西鎮,新竹縣關西鎮,"關西鎮-南山里,石光里,仁安里,西安里,大同里,南和里,新力里,東安里",60,130,170,280,350,70,140,190,320,400
307,新竹縣,芎林鄉,新竹縣芎林鄉,"芎林鄉-下山村,芎林村,華龍村,秀湖村 ,五龍村,文林村,水坑村",50,120,160,210,300,60,130,180,250,350
308,新竹縣,寶山鄉,新竹縣寶山鄉,"寶山鄉-雙溪村,新城村,大崎村,深井村,寶斗村",50,110,170,250,350,60,120,200,300,400
310,新竹縣,竹東鎮,新竹縣竹東鎮,"竹東鎮-頭重里(華揚新村),東寧里,雞林里,仁愛里,員山里,陸豐里,大鄉里,上館里,五豐里",50,120,160,210,300,60,130,180,250,350
311,新竹縣,五峰鄉,新竹縣五峰鄉,"五峰鄉-大隘村,花園村,桃山村",60,140,180,250,350,70,150,200,300,400
312,新竹縣,橫山鄉,新竹縣橫山鄉,"橫山鄉-田寮村,內灣村,大肚村,新興村,南昌村",60,130,170,230,300,70,140,190,270,350
313,新竹縣,尖石鄉,新竹縣尖石鄉,"尖石鄉-新樂村,嘉樂村,錦屏村",60,140,180,250,350,70,150,200,300,400
314,新竹縣,北埔鄉,新竹縣北埔鄉,"北埔鄉-埔尾村埔心,大林村,水祭村,南埔村",50,110,170,250,350,60,120,200,300,400
315,新竹縣,峨眉鄉,新竹縣峨眉鄉,"峨眉鄉-峨眉村,七星村",50,110,170,250,350,60,120,200,300,400
320,桃園市,中壢區,桃園市中壢區,"中壢區-振興里 ,龍安里,龍東里, 普仁里,普慶里,復興里,龍崗里,仁義里,龍昌里,健行路,中正路,中美路",50,100,150,190,250,60,110,180,220,300
324,桃園市,平鎮區,桃園市平鎮區,"平鎮區-復興里(廣德街),南勢里,平南里,金星里,建安里",50,100,150,190,250,60,110,180,220,300
325,桃園市,龍潭區,桃園市龍潭區,"龍潭區-上華村(中正路),上林村,中山村,北興村,高原村,高平村,龍祥村,九龍村,武漢村,龍興村,富林村",60,130,170,280,350,70,140,200,320,400
326,桃園市,楊梅區,桃園市楊梅區,"楊梅區-四維里,瑞塘里,高山里",50,110,150,190,250,60,120,180,220,300
327,桃園市,新屋區,桃園市新屋區,"新屋區-蚵間村,永安村(永安工業區),深圳村,新生村,清華村（中山東路一段）,頭洲村（民族路6段）,大坡村(大坡國小)",50,120,160,200,300,60,140,190,250,350
328,桃園市,觀音區,桃園市觀音區,"觀音區-觀音村,廣興村,樹林村,新坡村,坑尾村",50,110,140,180,250,60,120,160,220,300
330,桃園市,桃園區,桃園市桃園區,"桃園區-武陵里(中正路),民生里,文昌里,文中里,東門里,南門里,西門里,廈門街,永安路,大興西路,民族路",50,100,130,180,250,60,120,150,220,300
333,桃園市,龜山區,桃園市龜山區,"龜山區-龍壽村,大坑村員林坑,中興村,龍壽村,中興路,南上村,南美村",50,100,130,180,250,60,120,150,220,300
334,桃園市,八德區,桃園市八德區,"八德區-瑞豐里,大信里,大宏里,廣德里,大千里,大勇里,大溪里,大義里,大和里,大成里",50,110,150,190,250,60,120,180,220,300
335,桃園市,大溪區,桃園市大溪區,"大溪區-瑞源里,南興里,仁美里,仁愛里,崁津部落",50,110,150,190,250,60,120,180,220,300
336,桃園市,復興區,桃園市復興區,"復興區-高義村,義盛村,三光村,華陵村,台7線",60,130,170,280,350,70,140,200,320,400
337,桃園市,大園區,桃園市大園區,"大園區-溪海村,和平村,南港村,內海村,橫峰村,大海村,果林村,海口村,沙崙村,五權村",50,100,140,180,250,60,120,160,220,300
338,桃園市,蘆竹區,桃園市蘆竹區,"蘆竹區-新莊村,外社村,上竹村,山腳村,五福村,內厝村",50,100,140,180,250,60,120,160,220,300
350,苗栗縣,竹南鎮,苗栗縣竹南鎮,"竹南鎮-大厝里,海口里,開元里,公館里,港墘里,中美里,營盤里,頂埔里,崎頂里",40,110,150,200,300,50,120,180,250,350
351,苗栗縣,頭份鎮,苗栗縣頭份鎮,"頭份鎮-蘆竹里,田寮里,尖下里,上興里,新華里,頭份里,尖山里,東庄里,建國里,成功里",50,110,150,200,300,60,120,180,250,350
352,苗栗縣,三灣鄉,苗栗縣三灣鄉,"三灣鄉-銅鏡村,三灣村, 大河村,內灣村",60,130,170,250,350,70,140,190,300,400
353,苗栗縣,南庄鄉,苗栗縣南庄鄉,"南庄鄉-南江村,員林村,西村",60,130,190,260,350,70,150,220,300,400
354,苗栗縣,獅潭鄉,苗栗縣獅潭鄉,"獅潭鄉-永興村,新店村,竹木村",70,140,240,320,400,80,160,280,370,450
356,苗栗縣,後龍鎮,苗栗縣後龍鎮,"後龍鎮-南龍里,富田國小附近,新民里,龍坑里,外埔里,大庄里",50,130,170,250,300,60,140,200,280,350
357,苗栗縣,通霄鎮,苗栗縣通霄鎮,"通霄鎮-新埔里,平安里,平元里,通東里,福源里,內湖里,白東里",60,140,200,250,350,70,150,230,280,400
358,苗栗縣,苑裡鎮,苗栗縣苑裡鎮,"苑裡鎮-山腳里,舊社里(苗121線)",50,120,170,240,300,60,130,190,280,350
360,苗栗縣,苗栗市,苗栗縣苗栗市,"苗栗市-福星里,維新里,嘉盛里,玉華里,大同里,恭敬里,高苗里,勝利里",50,130,170,280,350,60,140,200,320,400
361,苗栗縣,造橋鄉,苗栗縣造橋鄉,"造橋鄉-平興村,大西村,朝陽村,造橋村",50,110,150,200,300,60,120,180,250,350
362,苗栗縣,頭屋鄉,苗栗縣頭屋鄉,"頭屋鄉-曲洞村,頭屋村,象山村,獅潭村,明德村",60,120,170,250,350,70,130,200,300,400
363,苗栗縣,公館鄉,苗栗縣公館鄉,"公館鄉-福德村,館東村,福星村,館南村,五谷村,玉谷村,仁安村,大坑村",50,120,170,250,350,60,130,200,300,400
364,苗栗縣,大湖鄉,苗栗縣大湖鄉,"大湖鄉-南湖村,義和村,大寮村,富興村,靜湖村",70,140,240,320,400,80,160,280,370,450
365,苗栗縣,泰安鄉,苗栗縣泰安鄉,"泰安鄉-象鼻村,梅園村,大安部落,永安部落",70,140,240,320,400,80,160,280,370,450
366,苗栗縣,銅鑼鄉,苗栗縣銅鑼鄉,"銅鑼鄉-銅鑼村,朝陽村,興隆村,中平村, 竹森村,樟樹村",60,140,190,300,400,70,150,220,350,450
367,苗栗縣,三義鄉,苗栗縣三義鄉,"三義鄉-廣盛村,雙湖村,雙潭村,鯉魚潭村,西湖村",60,140,190,300,350,70,150,220,400,450
368,苗栗縣,西湖鄉,苗栗縣西湖鄉,"西湖鄉-金獅村,金獅社區,三湖村(店仔街與五龍宮附近)",50,130,170,280,350,60,140,200,320,400
369,苗栗縣,卓蘭鎮,苗栗縣卓蘭鎮,"卓蘭鎮-上新里(苗55線),食水坑社區,內灣里白布帆地區",70,150,210,300,400,80,160,250,350,450
400,台中市,中區,台中市中區,"中區-三民路一段,中山路,中正路,五權路,建國市場周邊,綠川東西街,雙十路二段",60,120,180,250,320,70,130,200,280,350
401,台中市,東區,台中市東區,"東區-東信里 ,十甲里 ,東南里 ,東橋里",60,120,180,250,300,70,130,200,280,350
402,台中市,南區,台中市南區,"南區-工學里,長榮里,永興里,美村南路,十甲北街,仁和路,台中路,光大路,忠明南路,建國路,復興路三段",60,120,180,250,300,70,130,200,280,350
403,台中市,西區,台中市西區,"西區-民生里,利民里,忠明里",60,120,180,250,300,70,130,200,280,350
404,台中市,北區,台中市北區,"北區-大雅路,大德街與美德街口,中華路一段,天祥街,太平路,文化街,水源街,自強街,東成路,金龍街,柳川東路與公園路口,英士路,國強街,國豐街,進化路",60,120,180,250,300,70,130,200,280,350
406,台中市,北屯區,台中市北屯區,"北屯區--水景里,同榮里,后庄里,軍功里,新平里,環中路一段,舊社里,四平里,仁和里,后庄里,松和里,東山里,中清路,水湳路,文心路,東山路",50,100,170,220,270,60,120,200,250,300
407,台中市,西屯區,台中市西屯區,"西屯區-潮洋里,惠來里,大石里,至善里,西安里,西墩里,中港交流道,台中港路二段 ,中港路,環中路周邊",60,120,180,250,320,70,130,200,280,350
408,台中市,南屯區,台中市南屯區,"南屯區-寶山里,春社里,新生里,南屯里,鎮平里,田心里,五權西路三段南屯交流道,南屯路二段,黎明路二段,環中路與黎明路口,永春南路與培德路口",60,120,180,250,320,70,130,200,280,350
411,台中市,太平區,台中市太平區,"太平區-中平里,頭汴里,太平里,東平里,建國里,長億里,中山路二段,太平路,中興路,新仁路,永成北路",60,110,150,230,320,70,130,180,270,350
412,台中市,大里區,台中市大里區,"大里區-大元里,國光里,新里里,樹王里,金城里,中新里,新仁里,夏田里,內新里,健民里,仁化里,瑞城里,東湖里,西湖里",60,120,180,250,320,70,130,200,280,350
413,台中市,霧峰區,台中市霧峰區,"霧峰區-四德里,五福里,南柳里,北柳里,本堂里,吉峰里,甲寅里,錦榮里,中正里,萊園里",60,110,140,230,320,70,120,170,280,350
414,台中市,烏日區,台中市烏日區,"烏日區-五光里,九德里,光明里,前竹里,仁德里,三和里,烏日里",40,90,130,180,250,50,110,130,220,300
420,台中市,豐原區,台中市豐原區,"豐原區-鎌村里,豐田里,田心里,朴子里,西安里,西勢里,南嵩里,翁明里,豐西里,圓環東路道,南陽路。",60,120,180,240,300,70,130,200,270,350
421,台中市,后里區,台中市后里區,"后里區-舊社里,廣福里,仁里里,后里里,聯合里(三重路), ,泰安里,公館里。",50,110,160,260,360,60,130,180,300,400
422,台中市,石岡區,台中市石岡區,"石岡區-石岡里,萬安里,萬興里,土牛里,九房里,梅子里,德興里,和盛里",60,110,170,250,350,70,130,200,300,400
423,台中市,東勢區,台中市東勢區,"東勢區-明正里,東新里,泰興里,慶東里,新盛里,隆興里,福隆里,中嵙里,泰昌里,",60,110,170,250,350,70,130,200,300,400
424,台中市,和平區,台中市和平區,"和平區-博愛里 ,天輪里 ,自由里 ,台8線 ,台7甲線",70,130,220,300,400,80,150,250,350,450
426,台中市,新社區,台中市新社區,"新社區-協成里(興中街),大南里(中和街2段),永源里,中正里,復盛里,慶西里,中和里",70,130,210,280,370,80,150,230,310,400
427,台中市,潭子區,台中市潭子區,"潭子區-甘蔗里,福仁里,潭北里,嘉仁里,東寶里,潭陽里,大豐里,潭秀里,家興里,家福里,新田里",60,120,180,240,300,70,130,200,270,350
428,台中市,大雅區,台中市大雅區,"大雅區-忠義里,六寶里,西寶里,三和里",50,100,150,200,260,60,120,180,230,300
429,台中市,神岡區,台中市神岡區,"神岡區-社口里,溪洲里,神岡里,庄後里,和睦里,三角里,北庄里,新庄里,神洲里",60,120,180,240,300,70,130,200,270,350
432,台中市,大肚區,台中市大肚區,"大肚區--大東里,王田里,中和里,營埔里,永和里,磺溪里,永順里",40,90,110,180,250,50,110,130,220,300
433,台中市,沙鹿區,台中市沙鹿區,"沙鹿區-六路里,斗抵里,沙鹿里,鹿寮里,興安里,埔子里",50,110,160,200,300,60,130,180,250,350
434,台中市,龍井區,台中市龍井區,"龍井區-龍東里,新庄里",40,90,110,180,250,50,110,130,220,300
435,台中市,梧棲區,台中市梧棲區,"梧棲區- 安仁里,文化里,大庄里",50,110,160,250,320,60,130,180,280,350
436,台中市,清水區,台中市清水區,"清水區-西寧里,橋頭里,田寮里,中社里,菁埔里",50,110,160,230,320,60,130,180,260,350
437,台中市,大甲區,台中市大甲區,"大甲區-福德里,太白里,文曲里,日南里,岷山里",50,110,160,200,300,60,130,180,250,350
438,台中市,外埔區,台中市外埔區,"外埔區-鐵山里,馬鳴里,廓子 里。",50,110,160,250,360,60,130,180,280,400
439,台中市,大安區,台中市大安區,"大安區-頂安里,南庄里,南埔里,龜殼里,海墘里,福住里。",50,110,160,230,320,60,130,180,260,350
500,彰化縣,彰化市,彰化縣彰化市,"彰化市-和調里,復興里,福山里,國聖里,中庄里,大同里,竹巷里,忠孝里,彰化火車站週邊,實踐路,龍山里",40,90,130,170,250,50,100,150,200,300
502,彰化縣,芬園鄉,彰化縣芬園鄉,"芬園鄉-竹林村,縣庄村,圳墘村,茄荖村,溪頭村,舊社村",60,120,150,210,310,70,130,170,250,350
503,彰化縣,花壇鄉,彰化縣花壇鄉,"花壇鄉-文德村,白沙村,橋頭村,中庄村,金墩村,長沙村,長春村,永春村,花壇村",40,90,120,230,300,50,100,140,270,350
504,彰化縣,秀水鄉,彰化縣秀水鄉,"秀水鄉-馬興村,福安村,下崙村,金興村,鶴鳴村",40,90,120,230,300,50,100,140,270,350
505,彰化縣,鹿港鎮,彰化縣鹿港鎮,"鹿港鎮-洛津里(古蹟保存區),中興里(瑤林街),埔崙里,頂厝里,東石里,景福里(復興路),番厝巷,順興里,新宮里,草中里,頂番里",40,100,120,180,250,50,110,140,220,300
506,彰化縣,福興鄉,彰化縣福興鄉,"福興鄉-二港村,福寶村,福南村,福興村,橋頭村,三和村,萬豐村,饒平村,外埔村,三汴村,秀厝村,頂粘村,麥厝村",40,100,120,180,250,50,110,140,220,300
507,彰化縣,線西鄉,彰化縣線西鄉,"線西鄉-頂庄村,線西村,德興村",40,100,120,180,250,50,110,140,220,300
508,彰化縣,和美鎮,彰化縣和美鎮,"和美鎮-鐵山里,南佃里,嘉犁里,詔安里,糖友里,中圍里,月眉里,好修里,柑井里,嘉寶里",40,100,120,180,250,50,110,140,220,300
509,彰化縣,伸港鄉,彰化縣伸港鄉,"伸港鄉-蚵寮村,什股村,海尾村,全興村,汴頭村",40,100,120,180,250,50,110,140,220,300
510,彰化縣,員林市,彰化縣員林市,"員林市-振興里,三和里,大饒里,南興里,南平里,惠來里,三義里,和平里,三多里,仁美里,大明里,新生里,中山里,崙雅里,新興里",50,100,120,180,250,60,110,140,220,300
511,彰化縣,社頭鄉,彰化縣社頭鄉,"社頭鄉-舊社村 ,廣福村 ,美雅村 ,社頭村 ,平和村,張厝村,湳底村,里仁村,仁雅村,埤斗村,橋頭村,廣興村,清水村,湳雅村",50,110,140,230,300,60,120,160,270,350
512,彰化縣,永靖鄉,彰化縣永靖鄉,"永靖鄉-港西村(永社路與中山路,永久路,福德巷),湳港村,浮圳村,崙子村,新莊村",50,110,140,220,300,60,120,160,250,350
513,彰化縣,埔心鄉,彰化縣埔心鄉,"埔心鄉-太平村,東門村,埤霞村,羅厝村,義民村,油車村,埤腳村",50,110,140,220,300,60,120,160,250,350
514,彰化縣,溪湖鎮,彰化縣溪湖鎮,"溪湖鎮-大實里,湖西里（湖西國小）,湳底里,北勢里,大突里,二溪路,大公路段,河東里,頂庄里",50,110,140,190,260,60,120,160,230,300
515,彰化縣,大村鄉,彰化縣大村鄉,"大村鄉-福興村,大村村(茄苳路),貢旗村,美港村,加錫村,村上村,過溝村,田洋村",40,90,120,230,300,50,100,140,270,350
516,彰化縣,埔鹽鄉,彰化縣埔鹽鄉,"埔鹽鄉-瓦嗂村 ,永平村,石碑村,角樹村,三省村,大有村,角樹村,埔鹽村,南港村",50,110,140,230,300,60,120,160,270,350
520,彰化縣,田中鎮,彰化縣田中鎮,"田中鎮-沙崙里(田中工業區),碧峰里,中州路,斗中路,中洲路,復興里,梅州里,大崙里,平和里",50,110,140,230,300,60,120,160,270,350
521,彰化縣,北斗鎮,彰化縣北斗鎮,"北斗鎮-大新里(中西路田中工業區段),中寮里",50,110,140,270,320,60,120,160,300,350
522,彰化縣,田尾鄉,彰化縣田尾鄉,"田尾鄉-南曾村,北曾村,仁里村,睦宜村,海豐村,陸豐村,柳鳳村",50,110,140,220,300,60,120,160,250,350
523,彰化縣,埤頭鄉,彰化縣埤頭鄉,"埤頭鄉-永豐村,合興村,中和村,崙子村,元埔村,平原村,崙腳村",50,110,140,250,300,60,120,160,280,350
524,彰化縣,溪州鄉,彰化縣溪州鄉,"溪州鄉-舊眉村,尾厝村,榮光村,溪厝村,三條村,三圳村,潮洋村,張厝村,瓦厝村,菜公村,水尾村,東州村,坑厝村,圳寮村,西畔村",50,110,150,260,300,60,120,180,290,350
525,彰化縣,竹塘鄉,彰化縣竹塘鄉,"竹塘鄉-新廣村,田頭村,竹元村,樹腳村,民靖,小西村,五庄村,永安村",50,110,140,250,300,60,120,160,280,350
526,彰化縣,二林鎮,彰化縣二林鎮,"二林鎮-廣興里,東和里,北平里,豐田里,西庄里,東興里,外竹里,後厝里,中西里,興華里",40,110,130,160,210,50,120,150,190,250
527,彰化縣,大城鄉,彰化縣大城鄉,"大城鄉-台西村(村內),東港村(中央路),西港村(北勢路),三豐村,頂庄村,公館村",40,90,120,150,200,50,100,140,180,230
528,彰化縣,芳苑鄉,彰化縣芳苑鄉,"芳苑鄉-永興村(台17線及復興宮附近),草湖村,新街村,芳苑村,王功村,芳中村,仁愛村,信義村,漢寶村,和平村,新生村,文津村,民生村",30,80,120,150,200,40,90,140,180,230
530,彰化縣,二水鄉,彰化縣二水鄉,"二水鄉-大園村,上豐村,合興村,倡和村,修仁村,二水村,合和村,復興村,源泉村",60,120,150,250,350,70,130,170,300,400
540,南投縣,南投市,南投縣南投市,"南投市-漳興里,軍功里,千秋里,振興里,東山里,內興里,內興里,三興里,福山里,平山里,三和里",60,110,150,200,270,70,120,180,250,300
541,南投縣,中寮鄉,南投縣中寮鄉,"中寮鄉-義和村,永芳村,永福村",60,110,150,220,270,70,120,180,250,300
542,南投縣,草屯鎮,南投縣草屯鎮,"草屯鎮-山腳里,南埔里,御史里,土城里,碧峰里,平林里,碧州里,中原里,上林里,北勢里,坪頂里",50,120,150,200,300,60,130,180,250,350
544,南投縣,國姓鄉,南投縣國姓鄉,"國姓鄉-長流村,大旗村,國姓村,北港村",60,130,170,250,350,70,150,200,300,400
545,南投縣,埔里鎮,南投縣埔里鎮,"埔里鎮-枇杷里,水頭里,同聲里,向善里,房里里",50,110,180,250,300,60,120,210,300,350
546,南投縣,仁愛鄉,南投縣仁愛鄉,"仁愛鄉-精英村,互助村,新生村,法治村,南豐村",60,110,160,200,300,70,120,180,250,350
551,南投縣,名間鄉,南投縣名間鄉,"名間鄉-萬丹村,南雅村,濁水村,新民村,仁和村,東湖村,新街村",60,110,150,220,300,70,120,180,250,350
552,南投縣,集集鎮,南投縣集集鎮,"集集鎮-吳厝里,永昌里,八張里,廣明里,玉映里",70,140,200,270,350,80,150,230,300,400
553,南投縣,水里鄉,南投縣水里鄉,"水里鄉-新山村新山部落,上安村,郡坑村,民和村,玉峰村",60,120,150,250,350,70,130,180,300,400
555,南投縣,魚池鄉,南投縣魚池鄉,"魚池鄉-頭社村,武登村,水社村,東光村",60,140,200,280,350,70,150,240,330,400
556,南投縣,信義鄉,南投縣信義鄉,"信義鄉-人和村,同富村,豐丘村,羅娜村,神木村,台21線和社路段,新鄉村,明德村",60,140,220,300,400,70,150,250,350,400
557,南投縣,竹山鎮,南投縣竹山鎮,"竹山鎮-回嗂里,中和里,中崎里,延和里,延山里,竹圍里,大鞍里",60,140,180,250,300,70,150,210,280,350
558,南投縣,鹿谷鄉,南投縣鹿谷鄉,"鹿谷鄉-和雅村,彰雅村,鹿谷村,秀峰村,瑞田村",70,140,200,350,400,80,150,230,380,450
600,嘉義市,東區,嘉義市東區,"東區-後湖里(後湖工業區),荖籐里,興村里,後庄里,興仁里",50,100,130,190,250,60,110,150,230,300
601,嘉義市,西區,嘉義市西區,"西區-湖內里(湖子內地區),北湖里,美源里,下埤里,竹村里,香湖里,新西里",50,100,130,190,250,60,110,150,230,300
602,嘉義縣,番路鄉,嘉義縣番路鄉,番路鄉-番路村,70,130,190,300,400,80,150,210,350,450
603,嘉義縣,梅山鄉,嘉義縣梅山鄉,"梅山鄉- 梅北村, 梅東村,太和村",70,130,200,250,350,80,150,220,300,400
604,嘉義縣,竹崎鄉,嘉義縣竹崎鄉,"竹崎鄉-義仁村,鹿滿村台三線,復金村,紫雲村, 內埔村,灣橋村",70,130,200,250,350,80,150,220,300,400
605,嘉義縣,阿里山鄉,嘉義縣阿里山鄉,"阿里山鄉-來吉村,豐山村,新美村,縣149甲線路段,台18線路段,樂野村",70,130,190,250,350,80,150,210,300,400
606,嘉義縣,中埔鄉,嘉義縣中埔鄉,"中埔鄉-和興村(公館),和睦村(溪底寮),和美村,富收村",60,130,170,210,350,70,140,200,250,400
607,嘉義縣,大埔鄉,嘉義縣大埔鄉,"大埔鄉-永樂村,大埔村,茄苳村,和平村",70,130,190,250,350,80,150,210,300,400
608,嘉義縣,水上鄉,嘉義縣水上鄉,"水上鄉-中庄村,粗溪村,下寮村,溪洲村,內溪村,柳新村,南鄉村,三界村,三鎮村,中和交流道,義興村",50,110,150,190,250,60,120,170,230,300
611,嘉義縣,鹿草鄉,嘉義縣鹿草鄉,"鹿草鄉-碧潭村,三角村,後堀村,碧潭村,施家村",50,110,150,200,250,60,120,180,240,300
612,嘉義縣,太保市,嘉義縣太保市,"太保市-舊埤里,北新里(溪底寮),安仁里(三塊厝),過溝里,南新里,麻寮里,田尾里,新埤里",40,100,130,170,220,50,110,150,200,250
613,嘉義縣,朴子市,嘉義縣朴子市,"朴子市-德興里,新寮里,永和里(福山社區 ),竹村里, 崁後里,新寮里,大鄉里, 安福里",40,90,130,180,210,50,100,150,210,250
614,嘉義縣,東石鄉,嘉義縣東石鄉,"東石鄉(全鄉)-洲仔村,海埔村,港墘村,圍潭村,東石村,塭港村,東崙村,掌潭村,塭仔村,鰲鼓村(四股),龍港村,三家村,西崙村,港口村,副瀨村,型厝村,網寮村",30,90,120,160,200,40,100,140,190,230
615,嘉義縣,六腳鄉,嘉義縣六腳鄉,"六腳鄉-塗師村,六腳村,六南村,雙涵村,港美村,豐美村,古林村,工廠村,六斗村,灣南村,灣北村,正義村,永賢村,崩山村",40,90,130,180,220,50,100,150,210,250
616,嘉義縣,新港鄉,嘉義縣新港鄉,"新港鄉-南崙村,北崙村,埤子村,海瀛村,溪北村,南港村,共和村,宮前村,西庄村,海瀛村",40,100,130,170,220,50,110,150,200,250
621,嘉義縣,民雄鄉,嘉義縣民雄鄉,"民雄鄉-大崎村, 西昌村,秀林村(溪底寮,十四甲部落),東湖村,福樂村,金興村,福興村,平和村,北斗村",50,100,130,190,250,60,110,150,230,300
622,嘉義縣,大林鎮,嘉義縣大林鎮,"大林鎮-西結里(陳井寮),平林里(下潭底地區),三角里(八股地區),過溪里,明華里,大糖里,湖北里",50,110,160,200,300,60,120,180,250,350
623,嘉義縣,溪口鄉,嘉義縣溪口鄉,"溪口鄉-游西村,游東村,溪北村,柴林村,美北村,美南村(天赦),溪西村,林腳村",40,110,160,200,300,50,120,180,250,350
624,嘉義縣,義竹鄉,嘉義縣義竹鄉,"義竹鄉-後鎮村,北華村,龍蛟村,新店村,五厝村,官順村,平溪村,柳林村",30,80,100,150,200,40,90,120,180,230
625,嘉義縣,布袋鎮,嘉義縣布袋鎮,"布袋鎮(全鄉)-岑海里,永安里,菜埔里,光復里,中安里,西安里,東安里,東港里,復興里,新岑里,新民里,岑海里,新民里,好美里,貴舍里,過溝里,振寮里,見龍里",30,80,100,150,200,40,90,120,180,230
630,雲林縣,斗南鎮,雲林縣斗南鎮,"斗南鎮-新南里,新崙里,西伯里,東明里,明昌里,大東里,將軍里,埤麻里,小東里",60,110,140,200,300,70,120,160,250,350
631,雲林縣,大埤鄉,雲林縣大埤鄉,"大埤鄉-豐田村,西鎮村,興安村,北鎮村,三結村,聯美村,豐崗村,吉田村",50,100,130,170,250,60,110,150,210,300
632,雲林縣,虎尾鎮,雲林縣虎尾鎮,"虎尾鎮-平和里,西安里,穎川里,下溪里,公安里,和平里,興南里,中山里,立仁里,",50,90,120,180,250,60,100,150,220,300
633,雲林縣,土庫鎮,雲林縣土庫鎮,"土庫鎮-溪邊里(竹腳寮,下庄部落),崙內里,興新里,石廟里(富興社區),西平里(山腳部落),奮起里,越港里,北平里,東平里,宮北里",50,100,130,190,270,60,110,150,220,300
634,雲林縣,褒忠鄉,雲林縣褒忠鄉,"褒忠鄉-龍岩村,有才村,中勝村,埔姜村,馬鳴村,新湖村,中民村,潮厝村,田洋村,龍岩村",50,110,150,180,220,60,120,170,210,250
635,雲林縣,東勢鄉,雲林縣東勢鄉,"東勢鄉-同安村,昌南村,安南村,新坤村,月眉村,復興村,四美村,東北村",50,100,130,170,220,60,110,150,200,250
636,雲林縣,台西鄉,雲林縣台西鄉,"台西鄉-永豐村(崙豐國小),五港村,崙豐村,溪頂村,溪底村,台西村,海北村,海口村,海南村,和豐村,富琦村,蚊港村",30,80,120,150,200,40,90,130,180,230
637,雲林縣,崙背鄉,雲林縣崙背鄉,"崙背鄉-豐榮村,水尾村,大有村,阿勸村,枋南村,羅厝村,舊莊村",50,110,130,170,250,60,120,150,200,300
638,雲林縣,麥寮鄉,雲林縣麥寮鄉,"麥寮鄉-海豐村,崙後村,三盛村,雷厝村,光復路,後安村,施厝村,橋頭村,崙後村,新吉村,麥豐村, 麥津村",30,80,110,150,200,40,90,130,180,230
640,雲林縣,斗六市,雲林縣斗六市,"斗六市-重光里(二城社區),虎溪里(民生社區),榴北里,成功里,鎮東里,久安里,溪洲里,長平里,江厝里,三平里,公誠里",50,110,150,180,280,60,120,170,220,320
643,雲林縣,林內鄉,雲林縣林內鄉,"林內鄉-林中村,林北村,烏麻村,烏塗村,重興村",60,120,170,250,350,70,130,190,300,400
646,雲林縣,古坑鄉,雲林縣古坑鄉,"古坑鄉-東和村,湳仔村,崁腳村,新庄村",70,150,240,300,400,80,170,260,350,450
647,雲林縣,莿桐鄉,雲林縣莿桐鄉,"莿桐鄉-埔子村,大美村,興貴村,饒平村,義和村,埔尾村",50,100,130,200,250,60,110,150,240,300
648,雲林縣,西螺鎮,雲林縣西螺鎮,"西螺鎮-頂湳里,振興里,新安里,安定里,福田里,廣興里,鹿場里,埤頭里",50,100,150,240,310,60,110,170,270,350
649,雲林縣,二崙鄉,雲林縣二崙鄉,"二崙鄉-大同村,定安村,永定村,油車村,復興村,大義村,大華村(蔬菜區),庄西村,崙東村,大庄村,港後村",50,100,130,200,250,60,110,150,240,300
651,雲林縣,北港鎮,雲林縣北港鎮,"北港鎮-溪墘里,水埔里,公館里,仁和里,光民里,後溝里,東陽里,番溝里,安南里,新街里,扶朝里,樹腳里",50,90,120,170,250,60,100,150,210,300
652,雲林縣,水林鄉,雲林縣水林鄉,"水林鄉-番薯村,山腳村,後寮村,土厝村,海埔村,溪墘村,勝興村,松北村,松西村,順興村",30,80,110,150,200,40,90,130,180,230
653,雲林縣,口湖鄉,雲林縣口湖鄉,"口湖鄉-梧南村,梧北村,湖口村,下崙村,過港村,湖東村,蚵寮村,港西村,台子村,崙中村,後厝村,水井村",30,80,110,150,200,40,90,130,180,230
654,雲林縣,四湖鄉,雲林縣四湖鄉,"四湖鄉-林厝村,林東村,崙南村,崙北村,箔子村,箔東村,廣溝村,三姓村",30,80,110,150,200,40,90,130,180,230
655,雲林縣,元長鄉,雲林縣元長鄉,"元長鄉-潭東村(雲100),後湖村(雲109),合和村,新吉村,崙仔村,山內村,頂寮村,客厝村,瓦嗂村,下寮村,內寮村",50,100,130,170,220,60,110,150,200,250
700,台南市,中西區,台南市中西區,"中西區-天后里,郡王里,永華里,民生里,西湖里,小西里",40,100,130,160,210,50,110,150,200,250
701,台南市,東區,台南市東區,"東區-小東里,莊敬里,裕聖里,關聖里",40,100,130,160,210,50,110,150,200,250
702,台南市,南區,台南市南區,"南區-永寧里,同安里,佛壇里,松安里,鯤鯓里,喜南里",40,100,130,160,210,50,110,150,200,250
704,台南市,北區,台南市北區,"北區-大豐里,大港里,東興里,實踐里",40,100,130,160,210,50,110,150,200,250
708,台南市,安平區,台南市安平區,"安平區-金城里,海頭里,漁光里,國平里",40,100,130,160,210,50,110,150,200,250
709,台南市,安南區,台南市安南區,"安南區-本淵寮地區（淵東,淵西里）,鹿耳里,顯宮里,佃東里,佃西里,海尾寮一帶,立德,興國管理學院周邊,公塭里,北安路,安中路,長溪路,海佃路,南興里,城北里",40,80,110,150,210,50,90,130,180,250
710,台南市,永康區,台南市永康區,"永康區-南灣里(南灣街,大灣一街,大灣路),崑山里,西灣里,永康工業區一帶,三民里,富強路一段,自強路,蔦松里,北灣里,西勢里,龍潭里",40,100,130,180,260,50,110,150,220,300
711,台南市,歸仁區,台南市歸仁區,"歸仁區-歸仁里,歸南里,六甲里,八甲里,媽廟里,文化里,西埔里,七甲里,大潭里,許厝里",50,90,130,190,260,60,100,150,230,300
712,台南市,新化區,台南市新化區,"新化區-知義里,崙頂里,大坑里,護國里,中央里,北勢里",50,120,170,250,320,60,130,200,280,350
713,台南市,左鎮區,台南市左鎮區,"左鎮區-光和里,榮和里,左鎮里,中正里,內庄里,岡林里,草山里",60,110,190,250,320,70,120,210,280,350
714,台南市,玉井區,台南市玉井區,"玉井區-玉田里,玉井里,中正里,豐里里,望明里,三和里,竹田里",70,140,190,250,350,80,150,220,300,400
715,台南市,楠西區,台南市楠西區,"楠西區-東勢里,楠西里,鹿田里,灣丘里",70,150,200,320,400,80,160,230,400,450
716,台南市,南化區,台南市南化區,"南化區-北寮里,南化里,小崙里,東和里,中坑里,西埔里,玉山里,南山里",60,140,200,320,400,70,150,220,350,450
717,台南市,仁德區,台南市仁德區,"仁德區-保安里(港尾溝),太子里,土庫里,一甲里,二行里,大甲里,中生里,上崙里,三甲里,田厝里",50,90,120,180,250,60,100,150,230,300
718,台南市,關廟區,台南市關廟區,"關廟區-新光里,新埔里,香洋里,山西里,下湖里,埤頭里,深坑里",50,90,120,190,250,60,100,150,230,300
719,台南市,龍崎區,台南市龍崎區,"龍崎區-石里,大坪里,龍船里",70,140,220,320,400,80,150,250,350,450
720,台南市,官田區,台南市官田區,"官田區-渡頭里（活動中心旁）,社子里（湧泉寺附近）,西庄里,拔林里,東庄里",50,90,130,180,250,60,100,150,220,300
721,台南市,麻豆區,台南市麻豆區,"麻豆區-北勢里,小埤里,埤頭里,港尾里(客子寮),海埔里,巷口里,謝安里,謝厝寮等低漥區里",40,80,110,140,200,50,90,140,180,250
722,台南市,佳里區,台南市佳里區,"佳里區-龍安里,蚶寮里,區山里（仁愛路,中山路）,建南里,三協里,安西里,頂部里,通興里,溪洲里",50,90,120,160,250,60,100,140,200,300
723,台南市,西港區,台南市西港區,"西港區-羨林里,南海里,西港里,劉厝里,永樂里,後營里",50,90,130,190,250,60,100,150,240,300
724,台南市,七股區,台南市七股區,"七股區-大埕里,玉成里,篤加里,七股里,永吉里,頂山里,西寮里,溪南里,十份里,三股里,大寮里,龍山里,竹港里,城內里,大潭里",40,80,120,170,220,50,90,140,200,250
725,台南市,將軍區,台南市將軍區,"將軍區-廣山里,玉山里,鯤鯓里,鯤溟里,平沙里,長沙里,將富里,仁和里,保源里,苓和里,三吉里",40,80,100,180,250,50,100,130,220,300
726,台南市,學甲區,台南市學甲區,"學甲區-頂州里,三慶里,新芳里,光華里,秀昌里（三連路與新生路口）,中洲里,豐和里,美豐里,美和里,紅茄里,頭港里,光明里,宅港里",40,80,100,180,250,50,100,130,220,300
727,台南市,北門區,台南市北門區,"北門區-錦湖里,玉港里,永隆里,新圍里,三光里,北馬里,白米里,鯤江里,北門里,慈安里",40,80,100,150,200,50,90,120,180,250
730,台南市,新營區,台南市新營區,"新營區-姑爺里,土庫里,中營里,延平里,護鎮里,太南里,民權里,永生里,鐵線里",50,110,140,200,250,60,120,160,230,300
731,台南市,後壁區,台南市後壁區,"後壁區-崁頂里,後廓里,新嘉里,新東里,嘉苳里,土溝里,菁寮里,竹新里,平安里",50,90,120,170,250,60,100,150,200,300
732,台南市,白河區,台南市白河區,"白河區-河東里（瓦窯子,西勢尾）,白河里,昇安里,永安里,崁頭里,玉豐里",50,90,120,190,260,60,100,150,230,300
733,台南市,東山區,台南市東山區,"東山區-南溪里(二重溪部落),東原里,聖賢里(北勢寮部落,頂窩部落),科里里(科里部落),嶺南里,青山里(埤角部落),東中里(北馬部落),東山里,東正里",50,100,140,180,250,60,120,160,220,300
734,台南市,六甲區,台南市六甲區,"六甲區-甲東里,六甲里,中社里,龜港里",50,110,150,200,300,60,120,180,250,350
735,台南市,下營區,台南市下營區,"下營區-大埤里,西連里,賀建里,仁里里,茅港尾,大屯里",40,80,110,150,200,50,90,140,180,250
736,台南市,柳營區,台南市柳營區,"柳營區-大農里,旭山里(山仔腳社區),八翁里,人和里,士林里,光福里,重溪里",50,110,140,200,250,60,120,160,230,300
737,台南市,鹽水區,台南市鹽水區,"鹽水區-飯店里,孫厝里,田寮里,岸內里,下中里,後宅里,水秀里,大豐里",50,90,120,180,250,60,100,150,210,300
741,台南市,善化區,台南市善化區,"善化區-六分里,胡厝里,溪美里,東隆里,胡家里,溪美里",50,110,150,200,270,60,120,170,250,320
742,台南市,大內區,台南市大內區,"大內區-石城里,大內里,內江里,內郭里,石湖里",60,130,210,320,400,70,150,230,350,450
743,台南市,山上區,台南市山上區,"山上區-南洲里,明和里,山上里,新莊里,玉峰里,平陽里",60,130,210,270,350,70,150,230,300,400
744,台南市,新市區,台南市新市區,"新市區-永就里,大營里,大社里,潭頂里,社內里,豐華里,新和里,三舍里,大洲里",40,100,130,180,260,50,110,150,220,300
745,台南市,安定區,台南市安定區,"安定區-蘇厝里,港口里,安定里,中榮里,安定里,南安里,港尾里,管寮里",50,110,150,200,270,60,120,170,250,320
800,高雄市,新興區,高雄市新興區,"新興區-建華里,秋山里,興昌里,長驛里,華聲里,開平里,新江里",50,110,150,200,300,60,120,180,250,350
801,高雄市,前金區,高雄市前金區,"前金區-博孝里,新生里,三川里,東金里,草江里,河南二路,光復二街,中正四路,自立二路",50,110,150,200,300,60,120,180,250,350
802,高雄市,苓雅區,高雄市苓雅區,"苓雅區-文昌里,日中里,正大里,正義里,城北里,凱旋里,苓雅里,中山路,四維路,河南路,凱旋路,武廟路,永樂街",50,110,150,200,300,60,120,180,250,350
803,高雄市,鹽埕區,高雄市鹽埕區,"鹽埕區-府北里(中正四路、大公路、大勇路),中山里(鼓山一路),江南里,莒光街,光榮街,建國四路",50,110,150,200,300,60,120,180,250,350
804,高雄市,鼓山區,高雄市鼓山區,"鼓山區-前鋒里(翠華公園),厚生里(鼓山三路),裕豐里(裕豐街),哈瑪星一帶,九如四路,新疆路,河西一路,中華路與青海街,河邊街",50,110,140,200,300,60,130,160,250,350
805,高雄市,旗津區,高雄市旗津區,"旗津區-南汕里(中洲二路),川東里,實踐里",60,120,180,240,300,70,140,220,280,350
806,高雄市,前鎮區,高雄市前鎮區,"前鎮區-明正里,鎮中里,忠純里,鎮榮里,良和里,鎮東里,加工區路段,草衙路,成功路(夢時代廣場附近),擴建路,凱旋路,中山路",50,120,180,240,300,60,140,220,280,350
807,高雄市,三民區,高雄市三民區,"三民區-正興里,灣興里(寶珠溝沿線、孝順街),興德里(三民街、立德街),瀋陽街,民族路,河北路",50,110,150,200,300,60,120,180,250,350
811,高雄市,楠梓區,高雄市楠梓區,"楠梓區- 中和里,隆昌里,中興里,加昌里,民族一路與水管路,藍昌路",50,110,140,200,300,60,130,160,250,350
812,高雄市,小港區,高雄市小港區,"小港區-沿海一路,明聖街,山明里,山東里,孔宅里,店鎮里,松金里,港正里,鳳鳴里",50,120,180,240,300,60,140,220,280,350
813,高雄市,左營區,高雄市左營區,"左營區-尾北里(洲仔地區),翠華路,崇德路,大中路,博愛四路與重愛街,明誠路,華夏路",50,110,150,200,300,60,130,170,250,350
814,高雄市,仁武區,高雄市仁武區,"仁武區-竹後里,大灣里,八卦里,仁福里,灣內里,仁和里,文武里,仁武里,仁雄路,鳳仁路及澄觀路,赤西3街,鳳仁路,新莊路,中華路,成觀路,新庄路",40,120,150,220,300,50,130,180,250,350
815,高雄市,大社區,高雄市大社區,"大社區-保社里,三奶里,嘉誠里,觀音里,中里里,和平路二段,中山路,文明路,三民路,鹽埕巷",50,110,150,220,300,60,130,180,250,350
820,高雄市,岡山區,高雄市岡山區,"岡山區-嘉興里,白米里,劉厝里,潭底里,嘉峰里,為隨里,石潭里,中山南路(文化局後方),頂潭路與介壽西路口",40,100,150,200,250,50,110,180,230,300
822,高雄市,阿蓮區,高雄市阿蓮區,"阿蓮區-玉庫里,復安里,中路里,峰山里,南蓮里",40,100,150,200,250,50,110,180,230,300
823,高雄市,田寮區,高雄市田寮區,"田寮區-崇德里,西德里, 南二高田寮交流道附近,南安里,三和里",50,120,190,250,350,60,140,220,280,400
824,高雄市,燕巢區,高雄市燕巢區,"燕巢區-安招里,角宿里,鳳雄里,樹德科大附近,瓊林里,深水里",50,110,130,200,300,60,120,150,250,350
826,高雄市,梓官區,高雄市梓官區,"梓官區-中崙里,梓信里,同安里,典寶里,信蚵里,大舍里,中正路,梓和里,同安里,梓平里,梓義里",40,100,150,200,250,50,110,180,230,300
827,高雄市,彌陀區,高雄市彌陀區,"彌陀區-文安里,海尾里,彌陀里,漯底村(樂安路與漯底路),彌陀村(中正西路),舊港村(舊港西路)",40,100,150,200,250,50,110,180,230,300
828,高雄市,永安區,高雄市永安區,"永安區-永華里,維新里,新港里,永安工業區,永工一路,二路附近,保安路,和平街,忠孝街,永華路,永安里",40,100,150,200,250,50,110,180,230,300
829,高雄市,湖內區,高雄市湖內區,"湖內區-太爺里,葉厝里,公館里,文賢里,田尾里,海埔里,劉家里, 海山里,中賢里",50,120,170,210,300,60,130,200,250,350
830,高雄市,鳳山區,高雄市鳳山區,"鳳山區-過埤里,忠孝里,青年路,文化路,光復路,澄清路,濱山街,建國路",40,120,150,220,300,50,130,180,250,350
831,高雄市,大寮區,高雄市大寮區,"大寮區-光武里,拷潭里,內坑里,中興里,前庄里,永芳里,鳳林路,鳳屏路,光明路,中庄里",40,120,160,250,300,50,130,180,280,350
832,高雄市,林園區,高雄市林園區,"林園區-中汕里,北汕里,西汕里,林家里,溪州里, 鳳芸里,廣應里,中厝里,頂厝里",60,120,180,240,300,70,140,220,280,350
833,高雄市,鳥松區,高雄市鳥松區,"鳥松區-鳥松里(鳥松路、中正路、大埤路),仁美里(美山路、神農路),東豐巷和水管路十九巷,夢裡里,大華里,圣埔里",40,120,150,220,300,50,130,180,250,350
840,高雄市,大樹區,高雄市大樹區,"大樹區-久堂里,竹寮里,九曲里,檨腳里,大樹里,統嶺里,興田里",60,120,180,250,300,70,140,210,280,350
842,高雄市,旗山區,高雄市旗山區,"旗山區-大德里,延平一路,中寮路,中正里,東平里(延平二路114號),永和里,大林里 ,廣福里(中興街)",60,120,200,250,350,70,130,220,300,400
843,高雄市,美濃區,高雄市美濃區,"美濃區-泰安里,瀰濃里,合和里,東門里,廣林里,南中街,民生路至中正路口",50,110,140,200,270,60,120,170,240,320
844,高雄市,六龜區,高雄市六龜區,"六龜區-新發里,寶來里,大津里,義寶里,文武里,新威里,荖濃里,六龜里,台27線路段,新寮里,新興里,建山里,興龍里",50,120,160,250,350,60,130,190,300,400
845,高雄市,內門區,高雄市內門區,"內門區-永富里, 金竹里,溝坪里,永吉里",60,130,200,300,400,70,140,230,350,450
846,高雄市,杉林區,高雄市杉林區,"杉林區-上平里,月眉里,月美里,集來里,新庄里,台21線路段",70,120,170,250,350,80,140,200,280,400
847,高雄市,甲仙區,高雄市甲仙區,"甲仙區-台21線小林段,台21線里關段,西安里,和安里,關山里,大田里,小林里,東安里",50,120,170,240,300,60,130,200,280,350
848,高雄市,桃源區,高雄市桃源區,"桃源區-勤和里(含東莊) ,台20線勤和路段",50,130,170,260,350,60,140,200,300,400
849,高雄市,那瑪夏區,高雄市那瑪夏區,"那瑪夏區-台21線路段,瑪雅里,南沙魯里",50,120,160,240,350,60,130,190,280,400
851,高雄市,茂林區,高雄市茂林區,"茂林區-萬山里,茂林里,多納里",70,160,220,310,450,80,180,250,350,500
852,高雄市,茄萣區,高雄市茄萣區,"茄萣區-白雲里,崎漏里,福德里,保定村(港東街),福德村(白砂路),公園路",50,120,170,210,300,60,130,200,250,350
880,澎湖縣,馬公市,澎湖縣馬公市,"馬公市-東文里,西文里,山水里,西衛里",50,120,170,250,320,60,130,200,280,350
881,澎湖縣,西嶼鄉,澎湖縣西嶼鄉,"西嶼鄉-外垵村,內垵村",60,120,200,250,350,70,130,230,300,400
884,澎湖縣,白沙鄉,澎湖縣白沙鄉,"白沙鄉-港子村,赤崁村,講美村",60,120,200,250,350,70,130,230,300,400
885,澎湖縣,湖西鄉,澎湖縣湖西鄉,"湖西鄉-湖東村,湖西村,林投村,隘門村",50,120,170,250,320,60,130,200,280,350
890,金門縣,金沙鎮,金門縣金沙鎮,金沙鎮-汶沙里(金沙分駐所一帶),60,120,200,250,350,70,130,230,300,400
891,金門縣,金湖鎮,金門縣金湖鎮,"金湖鎮-新市里(山外溪週邊),山外里(山外地區)",60,120,200,250,350,70,130,230,300,400
892,金門縣,金寧鄉,金門縣金寧鄉,"金寧鄉-古寧村,安美村,慈湖農莊一帶",60,120,200,250,350,70,130,230,300,400
893,金門縣,金城鎮,金門縣金城鎮,"金城鎮-東門里,南門里,民族路",50,120,170,250,320,60,130,200,280,350
894,金門縣,烈嶼鄉,金門縣烈嶼鄉,"烈嶼鄉-林湖村(東林尾區),上林村(近陵水湖區)",60,120,200,250,350,70,130,230,300,400
900,屏東縣,屏東市,屏東縣屏東市,"屏東市-海豐里,瑞光里,大洲里,永城里,廣興里,頂宅里,頂柳里,長春里,仁愛里",50,100,130,170,250,60,110,150,220,300
901,屏東縣,三地門鄉,屏東縣三地門鄉,"三地門鄉-德文村,達來村",70,150,200,350,450,80,170,230,400,500
902,屏東縣,霧台鄉,屏東縣霧台鄉,"霧台鄉-霧台村伊拉部落,台24線伊拉路段",60,140,190,300,400,70,150,220,350,450
903,屏東縣,瑪家鄉,屏東縣瑪家鄉,"瑪家鄉-瑪家村,北葉村",60,160,250,350,450,70,170,280,400,500
904,屏東縣,九如鄉,屏東縣九如鄉,"九如鄉-東寧村,三塊村,玉泉村,大坵村,後庄村,玉水村,耆老村",60,100,150,200,300,70,110,170,250,350
905,屏東縣,里港鄉,屏東縣里港鄉,"里港鄉-三?村,中和村, 戴興村,茄苳村,潮厝村,瀰力村",60,100,150,200,300,70,110,170,250,350
906,屏東縣,高樹鄉,屏東縣高樹鄉,"高樹鄉-大埔村,長榮村,田子村,建興村,新豐村,新南村,泰山村,廣福村,廣興村,舊庄村",60,130,150,200,300,70,140,180,250,350
907,屏東縣,鹽埔鄉,屏東縣鹽埔鄉,"鹽埔鄉-新圍村(大仁科大),高朗村,澎厝村,新二村",60,130,150,200,300,70,140,180,250,350
908,屏東縣,長治鄉,屏東縣長治鄉,"長治鄉-繁華村,德榮村,香楊村,潭頭村,長興村,德協村",50,110,150,200,300,60,120,180,250,350
909,屏東縣,麟洛鄉,屏東縣麟洛鄉,"麟洛鄉-麟趾村,田道村,麟頂村,新田村,屏鵝公路麟洛果菜市場",50,110,150,220,280,60,120,180,250,330
911,屏東縣,竹田鄉,屏東縣竹田鄉,"竹田鄉-竹南村,鳳明村,福田村,永豐村,南勢村,下港尾,泗州村,竹田村",50,110,140,190,250,60,120,160,230,300
912,屏東縣,內埔鄉,屏東縣內埔鄉,"內埔鄉-屏科大附近,美和村,隘寮村,和興村,中林村,豐田村,老埤村,大新村,龍泉村,水門村,東寧村",50,120,150,200,300,60,130,180,250,350
913,屏東縣,萬丹鄉,屏東縣萬丹鄉,"萬丹鄉-興安村,水泉村,興全村,內庄村,港墘村,後安村,田厝村,甘棠村,萬惠村,灣內村,水仙村,崙頂村",50,100,140,170,250,60,110,160,220,300
920,屏東縣,潮州鎮,屏東縣潮州鎮,"潮州鎮-五魁里(南二高下),崙東里 ,蓬萊里(內水哮地區),民治橋鐵路涵洞,太平路 ,三和里 ,興美里",50,110,140,190,250,60,120,160,230,300
921,屏東縣,泰武鄉,屏東縣泰武鄉,泰武鄉-佳平村,60,120,200,250,350,70,130,230,300,400
922,屏東縣,來義鄉,屏東縣來義鄉,"來義鄉-古樓村,文樂村,來義村",60,130,200,270,350,70,140,230,320,400
923,屏東縣,萬巒鄉,屏東縣萬巒鄉,"萬巒鄉-硫黃村,五溝村,泗溝村,赤山村,萬金村,鹿寮村,萬巒村,成德村",60,120,200,250,350,70,130,230,300,400
924,屏東縣,崁頂鄉,屏東縣崁頂鄉,"崁頂鄉-力社村,港東村,州子村,圍內村,越溪村,北勢村,崁頂村",50,110,150,190,250,60,120,170,230,300
925,屏東縣,新埤鄉,屏東縣新埤鄉,"新埤鄉-建功村,打鐵村,箕湖村,新埤村,萬隆村",50,110,140,190,250,60,120,160,230,300
926,屏東縣,南州鄉,屏東縣南州鄉,"南州鄉-萬華村,溪洲村,七塊村,番仔厝",40,100,140,200,270,50,110,160,230,300
927,屏東縣,林邊鄉,屏東縣林邊鄉,"林邊鄉-水利村,仁和村,林邊村,光林村,永樂村,鎮安村 ,台17線中山路,中林村",30,80,120,170,220,40,90,140,200,250
928,屏東縣,東港鎮,屏東縣東港鎮,"東港鎮-大鵬里,船頭里,下?里,大潭里,新勝里,中正路,光復路,東隆里,興和里,東和里",30,80,120,170,220,40,90,140,200,250
929,屏東縣,琉球鄉,屏東縣琉球鄉,琉球鄉,60,120,200,250,350,70,130,230,300,400
931,屏東縣,佳冬鄉,屏東縣佳冬鄉,"佳冬鄉-羌園村（羌光路）台 17線與羌光路交會處 ,燄塭村（海埔社區）,塭豐村,羌園國小,大同村,賴家村,六根村",30,80,120,170,220,40,90,140,200,250
932,屏東縣,新園鄉,屏東縣新園鄉,"新園鄉-港西村,南龍村,中洲村,內莊村,共和村,興龍村,烏龍村,港墘村,鹽埔村",50,110,150,190,250,60,120,170,230,300
940,屏東縣,枋寮鄉,屏東縣枋寮鄉,"枋寮鄉-內寮村,大庄村,新龍村,人和村,東海村,地利村",50,100,170,220,300,60,110,200,250,350
941,屏東縣,枋山鄉,屏東縣枋山鄉,"枋山鄉-枋山村, 善餘村,楓港村,台1線",60,110,150,200,300,70,120,180,250,350
942,屏東縣,春日鄉,屏東縣春日鄉,"春日鄉-古華村 ,力里村,七佳村 ,士文村",60,140,220,300,400,70,150,250,350,450
943,屏東縣,獅子鄉,屏東縣獅子鄉,"獅子鄉-獅子村(中心崙部落),丹路村(伊屯部落)",70,130,200,300,400,80,150,230,350,450
944,屏東縣,車城鄉,屏東縣車城鄉,"車城鄉-中正路,新街村,福興村,保力村,埔墘村,福安村,海口村,射寮村",60,120,170,250,350,70,130,200,300,400
945,屏東縣,牡丹鄉,屏東縣牡丹鄉,"牡丹鄉-高士村,石門村",60,110,160,200,300,70,120,180,250,350
946,屏東縣,恆春鎮,屏東縣恆春鎮,"恆春鎮-網沙里,茄湖里,南灣里,山腳里,城南里",60,140,180,230,350,70,150,210,270,400
947,屏東縣,滿州鄉,屏東縣滿州鄉,"滿州鄉-,永靖村,長樂村,港口村,滿州村",70,150,200,300,400,80,160,250,350,450
950,台東縣,台東市,台東縣台東市,"台東市-馬蘭里,富豐里,豐田里,富岡里,豐谷里,豐里里,豐原里,太平溪沿岸,利嘉溪臨海低窪處,知本溪下游沿岸",40,110,150,210,250,50,130,180,240,300
951,台東縣,綠島鄉,台東縣綠島鄉,綠島鄉,60,130,210,340,400,70,140,230,380,450
952,台東縣,蘭嶼鄉,台東縣蘭嶼鄉,蘭嶼鄉,60,130,210,340,400,70,140,230,380,450
953,台東縣,延平鄉,台東縣延平鄉,"延平鄉-永康村,桃源村",70,140,220,350,450,80,160,250,400,500
954,台東縣,卑南鄉,台東縣卑南鄉,"卑南鄉-泰安溪沿岸,泰安村,太平村太平路,初鹿村,明峰村",50,120,150,220,300,60,130,180,250,350
955,台東縣,鹿野鄉,台東縣鹿野鄉,"鹿野鄉-永安村,瑞隆村,瑞源村,鹿野村",60,130,200,300,400,70,150,220,350,450
956,台東縣,關山鎮,台東縣關山鎮,"關山鎮-里瓏里(民族路,和平路),德高里(永豐路,東庄路),豐泉里,新福里(隆盛路,新福路),月眉里(中和路),電光里(中興路)",50,120,200,270,370,70,140,230,300,400
957,台東縣,海端鄉,台東縣海端鄉,"海端鄉-廣原村,海瑞村",60,130,210,340,400,70,140,230,380,450
958,台東縣,池上鄉,台東縣池上鄉,"池上鄉-大埔村,慶豐村,福文村,福原村,新興村,萬安村",50,120,200,270,370,60,140,230,300,400
959,台東縣,東河鄉,台東縣東河鄉,"東河鄉-都蘭村,東河村,泰源村",60,130,180,250,350,70,150,210,300,400
961,台東縣,成功鎮,台東縣成功鎮,"成功鎮-三仙里(白蓮路),博愛里,忠孝里,和平里,信義里",50,110,160,250,350,60,130,190,280,400
962,台東縣,長濱鄉,台東縣長濱鄉,"長濱鄉-三間村(大俱來台11省道),長濱村",50,110,160,250,350,60,130,190,280,400
963,台東縣,太麻里鄉,台東縣太麻里鄉,"太麻里鄉-泰和村,美和村,金崙村,香蘭村,三和村,正興村,多良村",40,90,120,180,250,50,100,140,220,300
964,台東縣,金峰鄉,台東縣金峰鄉,"金峰鄉-嘉蘭村,壢坵村",50,100,160,220,310,60,120,180,250,350
965,台東縣,大武鄉,台東縣大武鄉,"大武鄉-大竹村,大鳥村,大武村,尚武村,南興村",60,110,180,280,350,70,130,210,320,400
966,台東縣,達仁鄉,台東縣達仁鄉,"達仁鄉-安朔村,南田村",70,130,190,320,450,80,140,220,350,500
970,花蓮縣,花蓮市,花蓮縣花蓮市,"花蓮市-國治里,國光里(復興新村),民生里(三民街及中正路口),國福里,國風里,仁愛街,自由街,明義街",40,100,130,200,250,50,110,150,230,300
971,花蓮縣,新城鄉,花蓮縣新城鄉,"新城鄉-嘉里村,北埔村,嘉新村(花蓮大學附近),康樂村(鄉村社區)",40,110,150,200,300,50,120,180,250,350
972,花蓮縣,秀林鄉,花蓮縣秀林鄉,秀林鄉-和平村、崇德村、水源村、文蘭村、景美村,70,120,200,300,400,80,140,230,350,450
973,花蓮縣,吉安鄉,花蓮縣吉安鄉,"吉安鄉-東昌村(榮光社區),光華村,仁安村,北昌村,宜昌村,仁和村,仁里村,南昌村",40,100,130,210,320,50,110,150,250,350
974,花蓮縣,壽豐鄉,花蓮縣壽豐鄉,"壽豐鄉-壽豐村(壽豐路一,二段),共和村（樹湖溪及荖溪沿岸）,樹湖村",50,120,150,230,310,60,140,180,270,350
975,花蓮縣,鳳林鎮,花蓮縣鳳林鎮,"鳳林鎮-南平里,北林里,林榮里,鳳仁里,鳳義里,大榮里",50,120,170,270,350,60,130,200,320,400
976,花蓮縣,光復鄉,花蓮縣光復鄉,"光復鄉-大興村,大豐村,西富村,大同村,大全村,大進村",60,130,180,230,320,70,140,210,280,350
977,花蓮縣,豐濱鄉,花蓮縣豐濱鄉,"豐濱鄉-豐濱村,磯崎村,復興部落,八里灣部落",60,130,180,250,350,70,150,200,300,400
978,花蓮縣,瑞穗鄉,花蓮縣瑞穗鄉,"瑞穗鄉-瑞祥村,富源村,富興村,奇美村",60,130,180,230,320,70,140,210,280,350
979,花蓮縣,萬榮鄉,花蓮縣萬榮鄉,"萬榮鄉-萬榮村,明利村",70,140,220,350,450,80,160,250,400,500
981,花蓮縣,玉里鎮,花蓮縣玉里鎮,"玉里鎮-中城里,大禹里,長良里,源城里,觀音里,松浦里",60,130,180,250,350,70,140,200,300,400
982,花蓮縣,卓溪鄉,花蓮縣卓溪鄉,卓溪鄉-卓溪村,60,120,180,300,400,70,140,220,350,450
983,花蓮縣,富里鄉,花蓮縣富里鄉,"富里鄉-明里村,萬寧村,新興村,羅山村",50,110,150,230,350,60,120,170,250,400
825,高雄市,橋頭區,高雄市橋頭區,"橋頭區-筆秀里,頂鹽里,橋頭里,頂鹽里東林里,西林里,芋寮里,典寶里,甲北里,甲南里,德松里",40,90,130,180,250,50,100,150,230,300
821,高雄市,路竹區,高雄市路竹區,"路竹區-下坑里,甲北里,三爺里,頂寮里",40,100,150,200,250,50,110,180,230,300